subscription_id,user_id,plan,started_ts,cancelled_ts,mrr_usd
db8e1226,17,pro_annual,2025-06-13T18:46:00,2025-11-05T18:46:00,6.99
d33bf1c7,30,pro_annual,2025-06-23T15:36:00,2025-08-18T15:36:00,6.99
29feb084,35,pro_annual,2025-06-03T04:43:00,2025-07-16T04:43:00,6.99
6c02875c,41,plus_monthly,2025-06-04T22:59:00,,9.99
d417d135,47,plus_monthly,2025-06-09T21:32:00,2025-07-18T21:32:00,9.99
4c86b432,51,pro_annual,2025-06-17T13:22:00,,6.99
e7843f0e,60,plus_monthly,2025-06-06T19:53:00,,9.99
2a1c4e4b,70,plus_monthly,2025-06-12T11:01:00,2025-08-16T11:01:00,9.99
1efba79a,90,plus_monthly,2025-06-26T02:50:00,,9.99
81326d40,92,plus_monthly,2025-06-28T23:19:00,,9.99
ea91e674,95,plus_monthly,2025-06-12T09:41:00,,9.99
eb0de7c1,99,pro_annual,2025-06-12T22:40:00,2025-08-25T22:40:00,6.99
cb6e596a,113,pro_annual,2025-06-22T10:55:00,2025-11-05T10:55:00,6.99
fe3aeebd,118,plus_monthly,2025-06-29T08:46:00,,9.99
a708a592,120,pro_annual,2025-06-11T10:07:00,,6.99
3d3df0be,122,plus_monthly,2025-06-18T13:00:00,,9.99
4421c3cc,146,plus_monthly,2025-06-17T02:58:00,2025-10-30T02:58:00,9.99
0124e9f9,153,plus_monthly,2025-06-23T04:25:00,,9.99
378216ea,165,plus_monthly,2025-06-17T18:31:00,,9.99
25347f15,167,plus_monthly,2025-06-14T20:48:00,2025-09-11T20:48:00,9.99
4f285c5a,175,plus_monthly,2025-06-22T17:21:00,,9.99
4f0b3be8,177,plus_monthly,2025-06-24T20:22:00,,9.99
0f6908a3,199,plus_monthly,2025-06-21T00:57:00,,9.99
0661e4b7,201,plus_monthly,2025-06-18T06:14:00,,9.99
ef48c203,202,plus_monthly,2025-07-02T18:51:00,,9.99
90fa31ea,212,plus_monthly,2025-06-25T23:57:00,2025-09-07T23:57:00,9.99
887a8d5d,215,plus_monthly,2025-06-25T05:35:00,,9.99
0f840d8c,230,plus_monthly,2025-06-30T00:19:00,,9.99
b4859ecd,247,plus_monthly,2025-06-28T21:08:00,,9.99
b8e8ea63,253,plus_monthly,2025-06-19T03:17:00,2025-07-21T03:17:00,9.99
00134c13,261,plus_monthly,2025-07-03T08:57:00,,9.99
b48f1752,275,plus_monthly,2025-07-10T05:11:00,,9.99
ef276b2f,296,plus_monthly,2025-07-03T10:21:00,2025-07-23T10:21:00,9.99
32368c70,308,plus_monthly,2025-07-07T21:03:00,2025-09-11T21:03:00,9.99
6fdccec7,337,pro_annual,2025-06-27T06:18:00,,6.99
f52f738e,352,plus_monthly,2025-07-05T07:47:00,,9.99
f87aed5f,363,plus_monthly,2025-07-15T05:37:00,,9.99
029abae0,365,pro_annual,2025-07-15T04:02:00,,6.99
0d1ac7ea,366,plus_monthly,2025-06-30T20:08:00,,9.99
02973af1,373,plus_monthly,2025-07-12T18:06:00,,9.99
14de2013,378,plus_monthly,2025-07-11T19:28:00,,9.99
fa4164d9,381,plus_monthly,2025-07-15T04:06:00,,9.99
0f8c890e,385,pro_annual,2025-06-30T22:41:00,,6.99
cd3a5cd2,387,pro_annual,2025-07-07T18:06:00,,6.99
3efd3c9a,394,plus_monthly,2025-07-01T20:01:00,,9.99
eb401fe8,414,pro_annual,2025-07-13T12:28:00,2025-10-09T12:28:00,6.99
f8f8c8c9,421,plus_monthly,2025-07-02T13:27:00,2025-08-12T13:27:00,9.99
1d120bfb,435,plus_monthly,2025-07-03T12:49:00,2025-08-24T12:49:00,9.99
8644d324,439,plus_monthly,2025-07-04T20:23:00,,9.99
e0105ce3,441,plus_monthly,2025-07-05T17:26:00,2025-08-21T17:26:00,9.99
4ed514d5,442,plus_monthly,2025-07-04T00:18:00,,9.99
0ca97acc,462,plus_monthly,2025-07-08T15:18:00,,9.99
6d8a81b3,468,plus_monthly,2025-07-10T02:57:00,,9.99
e7a0b07c,471,plus_monthly,2025-07-19T18:28:00,,9.99
46c75d5d,483,plus_monthly,2025-07-12T18:21:00,,9.99
52b15d5f,495,plus_monthly,2025-07-08T19:25:00,,9.99
5f50e5a9,505,plus_monthly,2025-07-11T03:24:00,,9.99
360f681d,508,pro_annual,2025-07-16T04:24:00,,6.99
9444d05d,516,plus_monthly,2025-07-25T02:37:00,2025-10-21T02:37:00,9.99
cca48ebe,531,plus_monthly,2025-07-23T07:39:00,2025-11-06T07:39:00,9.99
4e56d9b7,539,plus_monthly,2025-07-13T23:26:00,,9.99
48f3e4f9,546,pro_annual,2025-07-28T01:59:00,,6.99
b48b269c,563,pro_annual,2025-07-23T23:31:00,,6.99
c75bb6d0,569,pro_annual,2025-07-24T13:58:00,,6.99
3a730f22,572,plus_monthly,2025-07-13T21:56:00,,9.99
3ddbdb40,578,plus_monthly,2025-07-11T10:14:00,,9.99
76e080a5,580,plus_monthly,2025-07-26T07:38:00,2025-08-26T07:38:00,9.99
da66effd,589,pro_annual,2025-07-26T09:04:00,2025-08-27T09:04:00,6.99
a68299b2,601,plus_monthly,2025-07-27T10:12:00,,9.99
453c2d7b,614,plus_monthly,2025-07-23T15:59:00,,9.99
eab3737a,618,plus_monthly,2025-07-12T00:26:00,2025-10-05T00:26:00,9.99
117433b5,624,plus_monthly,2025-08-02T07:39:00,,9.99
2a503c59,636,plus_monthly,2025-07-21T04:03:00,,9.99
b3365d7b,662,pro_annual,2025-08-02T02:55:00,,6.99
062cac0f,665,plus_monthly,2025-07-21T02:45:00,,9.99
a108cf39,673,plus_monthly,2025-08-04T23:34:00,2025-10-17T23:34:00,9.99
e55af06a,684,plus_monthly,2025-08-02T14:55:00,,9.99
f778eb75,691,pro_annual,2025-07-22T12:28:00,2025-11-11T12:28:00,6.99
c74a12a1,728,plus_monthly,2025-07-19T01:17:00,2025-09-27T01:17:00,9.99
6f7a8377,741,plus_monthly,2025-08-02T21:23:00,,9.99
68141388,752,pro_annual,2025-07-30T09:59:00,2025-11-22T09:59:00,6.99
536819f0,761,plus_monthly,2025-08-03T08:43:00,2025-10-19T08:43:00,9.99
8f5a7d4d,769,plus_monthly,2025-07-21T23:33:00,,9.99
cafafb75,772,pro_annual,2025-07-28T14:56:00,,6.99
083cf707,774,plus_monthly,2025-08-04T06:05:00,2025-10-21T06:05:00,9.99
e92b6bde,785,plus_monthly,2025-07-30T14:19:00,2025-11-11T14:19:00,9.99
70245491,796,plus_monthly,2025-08-06T04:21:00,,9.99
d2a92ed9,814,plus_monthly,2025-08-05T23:34:00,2025-10-09T23:34:00,9.99
1487f7c6,818,plus_monthly,2025-08-03T21:55:00,,9.99
b184f406,820,pro_annual,2025-08-03T09:54:00,,6.99
c3c5426d,833,pro_annual,2025-07-29T17:01:00,2025-11-03T17:01:00,6.99
3915ce08,834,plus_monthly,2025-07-26T08:10:00,,9.99
a655eb52,839,plus_monthly,2025-07-26T04:15:00,,9.99
dca8e5da,871,plus_monthly,2025-08-12T19:48:00,,9.99
c1c7a2be,872,plus_monthly,2025-07-30T10:32:00,2025-10-11T10:32:00,9.99
309b8ab3,879,plus_monthly,2025-07-29T06:56:00,,9.99
1a260780,880,plus_monthly,2025-08-04T17:00:00,2025-09-12T17:00:00,9.99
6e4a3047,897,plus_monthly,2025-08-17T10:19:00,,9.99
5b6f6e6e,903,pro_annual,2025-08-04T17:52:00,,6.99
0d75d30b,915,plus_monthly,2025-08-04T06:07:00,,9.99
927a13d2,922,pro_annual,2025-08-10T19:39:00,,6.99
b4848751,932,plus_monthly,2025-08-12T00:36:00,2025-09-03T00:36:00,9.99
fee850c1,938,plus_monthly,2025-08-05T22:47:00,,9.99
ba33cbbd,940,plus_monthly,2025-08-13T14:51:00,,9.99
ae871561,945,plus_monthly,2025-08-18T00:31:00,,9.99
e5deec4e,950,plus_monthly,2025-08-17T04:27:00,,9.99
5b595b4e,960,pro_annual,2025-08-14T06:59:00,,6.99
be88285f,965,plus_monthly,2025-08-15T12:45:00,2025-11-02T12:45:00,9.99
ee87ad2d,966,plus_monthly,2025-08-19T18:02:00,,9.99
fa0110f4,967,plus_monthly,2025-08-19T11:59:00,2025-09-09T11:59:00,9.99
758bc910,968,pro_annual,2025-08-11T15:02:00,,6.99
4f5f0411,986,pro_annual,2025-08-09T22:50:00,2025-09-04T22:50:00,6.99
33f63610,992,pro_annual,2025-08-04T18:48:00,,6.99
8fe866a0,997,plus_monthly,2025-08-12T17:55:00,2025-11-12T17:55:00,9.99
c7e9895e,1008,plus_monthly,2025-08-18T03:19:00,,9.99
8fa54b49,1010,pro_annual,2025-08-05T04:50:00,,6.99
46878613,1014,pro_annual,2025-08-06T22:29:00,,6.99
cde58661,1020,pro_annual,2025-08-14T20:06:00,2025-09-16T20:06:00,6.99
521ff7c0,1062,plus_monthly,2025-08-16T00:02:00,,9.99
e5c96483,1063,plus_monthly,2025-08-15T22:11:00,2025-09-21T22:11:00,9.99
a249ecc1,1065,pro_annual,2025-08-15T06:43:00,,6.99
1d3a7668,1069,plus_monthly,2025-08-14T19:25:00,,9.99
a670a429,1074,plus_monthly,2025-08-13T20:31:00,,9.99
54b214a2,1080,plus_monthly,2025-08-26T02:59:00,2025-11-01T02:59:00,9.99
ba0a9c6d,1081,plus_monthly,2025-08-25T18:54:00,2025-11-07T18:54:00,9.99
d9a0f70b,1089,plus_monthly,2025-08-08T17:32:00,2025-09-08T17:32:00,9.99
bd568988,1105,pro_annual,2025-08-19T05:48:00,,6.99
351cb2ce,1118,plus_monthly,2025-08-19T09:28:00,,9.99
b9b1899c,1129,pro_annual,2025-08-22T02:34:00,,6.99
bd9d9abe,1149,plus_monthly,2025-08-24T13:54:00,,9.99
5e07fe54,1161,plus_monthly,2025-08-28T09:40:00,,9.99
314d26dc,1164,plus_monthly,2025-08-18T20:16:00,,9.99
4b74c623,1169,plus_monthly,2025-08-21T15:24:00,2025-11-23T15:24:00,9.99
84e7a350,1171,plus_monthly,2025-08-22T01:09:00,2025-11-07T01:09:00,9.99
4f52a984,1183,plus_monthly,2025-08-27T14:02:00,,9.99
1a0097b7,1187,pro_annual,2025-08-27T03:26:00,,6.99
0844024f,1189,pro_annual,2025-08-19T08:13:00,,6.99
a64a5ad0,1197,plus_monthly,2025-08-14T20:39:00,,9.99
c4aae464,1219,plus_monthly,2025-08-25T22:20:00,,9.99
7dc8f182,1231,plus_monthly,2025-08-22T09:14:00,,9.99
aaaf3614,1232,plus_monthly,2025-08-18T01:29:00,,9.99
548bae1e,1235,plus_monthly,2025-08-29T15:15:00,,9.99
3d00c4e8,1243,pro_annual,2025-08-30T16:08:00,,6.99
94661a44,1250,plus_monthly,2025-08-22T05:07:00,,9.99
00edb80d,1264,plus_monthly,2025-09-03T12:18:00,,9.99
15e05457,1265,plus_monthly,2025-08-23T18:36:00,,9.99
303c59db,1276,plus_monthly,2025-08-24T02:41:00,2025-10-05T02:41:00,9.99
181667e6,1277,plus_monthly,2025-08-21T05:29:00,,9.99
e9fb4b78,1280,pro_annual,2025-08-17T04:39:00,,6.99
aa1e5664,1287,plus_monthly,2025-08-29T21:41:00,,9.99
992d5aad,1307,pro_annual,2025-08-23T19:16:00,,6.99
36238d20,1321,plus_monthly,2025-08-30T04:26:00,,9.99
03bd3959,1322,pro_annual,2025-09-03T07:41:00,,6.99
c98a25eb,1326,pro_annual,2025-08-30T18:49:00,,6.99
dd01a385,1346,pro_annual,2025-09-06T05:01:00,,6.99
aca991d6,1351,pro_annual,2025-09-09T13:26:00,,6.99
7ba93f25,1360,plus_monthly,2025-08-21T08:35:00,,9.99
dbf5f626,1365,plus_monthly,2025-09-09T10:02:00,,9.99
68ccde52,1367,pro_annual,2025-08-25T16:22:00,2025-10-30T16:22:00,6.99
0fb314e4,1376,plus_monthly,2025-09-02T11:06:00,,9.99
e794a85f,1379,plus_monthly,2025-09-02T05:23:00,,9.99
f14fd950,1402,plus_monthly,2025-09-09T16:38:00,,9.99
4fac6cb5,1409,pro_annual,2025-08-27T18:56:00,,6.99
7393c16b,1423,pro_annual,2025-08-25T06:50:00,,6.99
46b128db,1426,plus_monthly,2025-08-30T01:51:00,,9.99
01bc45cd,1430,plus_monthly,2025-09-04T20:27:00,,9.99
5996f6b6,1436,plus_monthly,2025-09-09T08:23:00,2025-10-01T08:23:00,9.99
b81eef3b,1453,plus_monthly,2025-08-27T06:57:00,,9.99
055116be,1456,pro_annual,2025-08-28T02:20:00,,6.99
727280e8,1461,pro_annual,2025-09-06T20:55:00,,6.99
be8ebdac,1464,plus_monthly,2025-08-25T09:03:00,2025-11-05T09:03:00,9.99
aa1d14c5,1472,plus_monthly,2025-09-10T22:52:00,,9.99
503f816c,1488,pro_annual,2025-09-03T21:04:00,,6.99
e9f8d9cc,1489,plus_monthly,2025-09-12T19:09:00,,9.99
6b99fffb,1503,plus_monthly,2025-09-16T19:06:00,,9.99
995930aa,1506,plus_monthly,2025-08-29T11:03:00,2025-11-08T11:03:00,9.99
f0cbf952,1511,plus_monthly,2025-09-11T00:23:00,,9.99
06d31353,1514,pro_annual,2025-09-13T15:09:00,,6.99
1c6738da,1518,pro_annual,2025-09-12T11:37:00,,6.99
14fca6c4,1522,pro_annual,2025-09-11T14:28:00,,6.99
ef3ce4e1,1530,plus_monthly,2025-09-06T07:41:00,,9.99
46cd56dc,1531,pro_annual,2025-09-03T01:27:00,,6.99
ce9652e9,1545,plus_monthly,2025-09-07T08:50:00,,9.99
ad026d0e,1550,pro_annual,2025-09-15T18:11:00,,6.99
042e9a25,1554,pro_annual,2025-09-06T05:53:00,,6.99
aa0724e9,1557,pro_annual,2025-09-10T04:43:00,,6.99
1d2e486b,1565,pro_annual,2025-09-14T09:44:00,2025-11-08T09:44:00,6.99
d1a3bafd,1594,pro_annual,2025-09-09T09:35:00,,6.99
f5942230,1606,pro_annual,2025-09-14T11:06:00,2025-10-21T11:06:00,6.99
d2194b04,1610,plus_monthly,2025-09-17T07:24:00,,9.99
7b91447a,1621,plus_monthly,2025-09-02T03:29:00,,9.99
3f652796,1624,plus_monthly,2025-09-18T17:10:00,,9.99
ed7ecd61,1636,plus_monthly,2025-09-04T01:55:00,2025-10-22T01:55:00,9.99
85882281,1642,plus_monthly,2025-09-06T16:43:00,,9.99
40319e6d,1652,pro_annual,2025-09-06T19:01:00,2025-11-10T19:01:00,6.99
931852f0,1662,pro_annual,2025-09-06T06:12:00,,6.99
e42d6586,1665,pro_annual,2025-09-19T02:46:00,,6.99
30c926d9,1679,plus_monthly,2025-09-17T04:01:00,,9.99
0fdc1647,1681,plus_monthly,2025-09-20T17:17:00,,9.99
bf02c386,1693,pro_annual,2025-09-06T11:37:00,2025-10-17T11:37:00,6.99
429f4683,1712,pro_annual,2025-09-06T22:55:00,,6.99
1af7bc50,1714,plus_monthly,2025-09-22T03:48:00,,9.99
07832499,1733,pro_annual,2025-09-18T20:06:00,,6.99
6e05d845,1736,plus_monthly,2025-09-19T06:37:00,,9.99
41b0a87d,1757,plus_monthly,2025-09-19T23:57:00,,9.99
a8ea8dda,1764,plus_monthly,2025-09-18T11:57:00,,9.99
a4b50a53,1780,plus_monthly,2025-09-16T19:52:00,,9.99
8147029f,1789,plus_monthly,2025-09-13T14:47:00,,9.99
8bc0c2b1,1797,pro_annual,2025-09-17T06:22:00,,6.99
ff627a14,1812,plus_monthly,2025-09-19T20:57:00,,9.99
d19a5fa6,1813,plus_monthly,2025-09-24T07:31:00,,9.99
8ab1228b,1819,pro_annual,2025-09-16T13:06:00,,6.99
391efde1,1854,pro_annual,2025-09-15T21:07:00,,6.99
78a62ba9,1859,plus_monthly,2025-09-30T09:27:00,,9.99
66b71801,1868,plus_monthly,2025-09-16T03:20:00,2025-10-28T03:20:00,9.99
64ea501b,1879,pro_annual,2025-10-03T00:07:00,,6.99
072a1405,1882,plus_monthly,2025-09-22T09:40:00,2025-11-14T09:40:00,9.99
91731d8e,1885,plus_monthly,2025-09-16T12:14:00,,9.99
281d986d,1898,plus_monthly,2025-09-19T11:58:00,,9.99
319a6214,1914,plus_monthly,2025-10-03T10:54:00,,9.99
4a3ce883,1918,pro_annual,2025-09-25T19:13:00,,6.99
54da226e,1927,plus_monthly,2025-09-20T15:03:00,,9.99
f42eec41,1929,pro_annual,2025-09-22T00:10:00,,6.99
76a0bf1d,1930,plus_monthly,2025-09-27T05:36:00,,9.99
f7cfb80e,1941,plus_monthly,2025-09-20T08:02:00,,9.99
0e0a289a,1948,plus_monthly,2025-09-28T06:30:00,,9.99
b6830fad,1951,plus_monthly,2025-09-22T21:05:00,,9.99
dc007017,1956,plus_monthly,2025-09-30T07:25:00,2025-11-16T07:25:00,9.99
98d6cb79,1958,plus_monthly,2025-09-17T12:25:00,2025-11-25T12:25:00,9.99
23648d70,1966,pro_annual,2025-09-27T23:23:00,,6.99
86561e7c,1973,plus_monthly,2025-09-23T18:31:00,,9.99
e6314f9a,1976,plus_monthly,2025-10-06T12:41:00,,9.99
7587df26,1992,plus_monthly,2025-09-27T13:06:00,,9.99
a107e409,2012,plus_monthly,2025-09-27T05:09:00,,9.99
5bcd519d,2026,plus_monthly,2025-09-21T23:51:00,,9.99
cd7fa942,2035,plus_monthly,2025-09-24T22:14:00,,9.99
95f80496,2047,plus_monthly,2025-10-09T03:35:00,,9.99
ca5f6e59,2054,plus_monthly,2025-10-07T02:27:00,,9.99
5cf6eeee,2063,pro_annual,2025-10-08T14:36:00,,6.99
b66c25ad,2066,pro_annual,2025-09-28T12:37:00,,6.99
07173b5f,2071,plus_monthly,2025-10-08T11:05:00,,9.99
1572eb19,2096,plus_monthly,2025-10-04T14:11:00,,9.99
e6e50562,2106,pro_annual,2025-09-25T22:20:00,2025-11-03T22:20:00,6.99
f7ad14d6,2123,plus_monthly,2025-10-11T15:49:00,,9.99
a753070a,2128,plus_monthly,2025-09-23T03:47:00,,9.99
81ec5a46,2129,plus_monthly,2025-10-09T08:13:00,,9.99
142e9c06,2145,plus_monthly,2025-10-08T19:52:00,,9.99
3322a515,2159,pro_annual,2025-09-24T11:35:00,,6.99
e4d6daeb,2191,pro_annual,2025-10-07T21:19:00,,6.99
489269f4,2206,plus_monthly,2025-10-17T03:00:00,,9.99
c1e82b3e,2222,plus_monthly,2025-10-17T05:19:00,,9.99
aca03386,2223,pro_annual,2025-10-10T07:05:00,,6.99
6f736ffa,2226,pro_annual,2025-10-04T20:57:00,,6.99
ae43de24,2240,plus_monthly,2025-10-15T21:20:00,,9.99
ce96d4e7,2248,plus_monthly,2025-10-11T02:24:00,,9.99
f38de3f0,2252,plus_monthly,2025-09-30T08:09:00,,9.99
40b82bed,2256,pro_annual,2025-10-02T03:40:00,,6.99
0ea30dcd,2266,plus_monthly,2025-10-08T12:04:00,2025-11-10T12:04:00,9.99
51a01cb9,2267,plus_monthly,2025-09-30T03:03:00,,9.99
989d8589,2286,pro_annual,2025-10-18T05:25:00,,6.99
8b2fdc8f,2287,plus_monthly,2025-10-15T20:42:00,,9.99
0a063ba9,2290,plus_monthly,2025-10-04T06:25:00,,9.99
91f28ef3,2295,plus_monthly,2025-10-05T00:10:00,,9.99
a6f8d52c,2304,plus_monthly,2025-10-19T07:43:00,,9.99
babae94c,2305,plus_monthly,2025-10-12T00:04:00,2025-11-06T00:04:00,9.99
6aebee88,2315,plus_monthly,2025-10-04T01:15:00,2025-11-14T01:15:00,9.99
51274c6e,2324,pro_annual,2025-10-12T07:07:00,,6.99
487b060a,2335,plus_monthly,2025-10-18T12:24:00,,9.99
b56867ab,2352,plus_monthly,2025-10-09T11:12:00,,9.99
bc57d26c,2362,plus_monthly,2025-10-07T08:40:00,,9.99
0203d7f4,2384,plus_monthly,2025-10-12T12:01:00,,9.99
23f5f3bf,2411,plus_monthly,2025-10-07T14:40:00,,9.99
33a57254,2453,pro_annual,2025-10-10T21:23:00,,6.99
74a3e80d,2458,plus_monthly,2025-10-25T01:07:00,,9.99
8c008ed3,2482,plus_monthly,2025-10-13T08:26:00,,9.99
8d12438a,2483,pro_annual,2025-10-07T00:48:00,2025-10-30T00:48:00,6.99
ec54a598,2498,plus_monthly,2025-10-17T08:24:00,,9.99
c6db782f,2500,pro_annual,2025-10-15T00:48:00,,6.99
82897fc4,2510,pro_annual,2025-10-16T09:40:00,,6.99
21c24f48,2514,pro_annual,2025-10-16T13:44:00,,6.99
58b6c424,2531,plus_monthly,2025-10-28T22:18:00,,9.99
2402ee5a,2537,pro_annual,2025-10-19T03:48:00,,6.99
95d8e674,2542,plus_monthly,2025-10-28T15:43:00,,9.99
642051d7,2561,plus_monthly,2025-10-30T11:17:00,,9.99
9015007b,2568,plus_monthly,2025-10-17T17:11:00,,9.99
1d20ca8d,2570,plus_monthly,2025-10-25T03:48:00,,9.99
a582e4ab,2573,plus_monthly,2025-10-18T07:07:00,,9.99
2aeb655b,2577,pro_annual,2025-10-19T06:06:00,,6.99
01f7d43b,2609,pro_annual,2025-10-23T12:56:00,,6.99
1fdaac41,2654,plus_monthly,2025-10-17T22:38:00,,9.99
fd7fd345,2662,plus_monthly,2025-10-15T10:19:00,2025-11-26T10:19:00,9.99
b3e80c87,2679,pro_annual,2025-10-19T00:41:00,,6.99
7c394103,2682,plus_monthly,2025-10-23T16:30:00,,9.99
078d5d5c,2692,plus_monthly,2025-10-25T11:09:00,,9.99
9013409f,2704,pro_annual,2025-11-01T11:28:00,,6.99
a2ad949d,2706,plus_monthly,2025-10-22T23:12:00,,9.99
bfc74de8,2724,plus_monthly,2025-10-25T14:01:00,,9.99
c8e3453c,2726,plus_monthly,2025-11-01T15:45:00,,9.99
aa4d685a,2744,plus_monthly,2025-10-30T16:21:00,,9.99
f61a1e1a,2772,pro_annual,2025-10-20T20:48:00,2025-11-23T20:48:00,6.99
7a48b952,2776,plus_monthly,2025-10-19T09:05:00,,9.99
10177ce1,2780,plus_monthly,2025-10-30T01:28:00,,9.99
35c659ff,2782,plus_monthly,2025-10-25T00:55:00,,9.99
d15b6385,2788,plus_monthly,2025-10-27T16:39:00,,9.99
1908201b,2796,pro_annual,2025-10-27T13:16:00,,6.99
3c53a2fd,2801,plus_monthly,2025-10-25T09:50:00,,9.99
009cabff,2802,plus_monthly,2025-10-22T23:37:00,,9.99
f6e8f7af,2805,plus_monthly,2025-10-24T09:16:00,,9.99
a3ffbfb0,2806,plus_monthly,2025-10-26T01:44:00,,9.99
489a1850,2818,plus_monthly,2025-10-26T17:18:00,,9.99
e5c0f99a,2827,plus_monthly,2025-10-31T17:29:00,,9.99
e3263f97,2830,plus_monthly,2025-10-23T05:44:00,,9.99
702c50d7,2841,plus_monthly,2025-11-02T11:28:00,,9.99
5b5831ce,2861,pro_annual,2025-11-02T02:15:00,,6.99
0a5b495c,2874,plus_monthly,2025-11-11T18:58:00,,9.99
64587805,2880,plus_monthly,2025-10-22T13:51:00,,9.99
6a6ddbb8,2883,pro_annual,2025-11-10T11:44:00,,6.99
f8ef04d4,2887,pro_annual,2025-11-01T20:00:00,,6.99
3c6bc546,2894,plus_monthly,2025-10-24T23:03:00,2025-11-13T23:03:00,9.99
d84851f6,2898,pro_annual,2025-10-29T18:35:00,,6.99
da4af24f,2904,plus_monthly,2025-11-08T19:27:00,,9.99
8dba57e9,2907,plus_monthly,2025-10-28T06:11:00,,9.99
73e8e3f2,2910,plus_monthly,2025-11-11T18:04:00,,9.99
82a4c13d,2917,plus_monthly,2025-10-28T18:04:00,,9.99
0be11a77,2942,plus_monthly,2025-11-13T03:40:00,,9.99
f66086ad,2951,pro_annual,2025-10-28T03:31:00,,6.99
29e1883f,2954,pro_annual,2025-11-12T00:41:00,,6.99
a7f35437,2971,pro_annual,2025-11-04T05:57:00,,6.99
ff564d30,2986,plus_monthly,2025-11-10T23:01:00,,9.99
e6ac7e03,2999,plus_monthly,2025-10-28T22:27:00,,9.99
6df700f5,3002,plus_monthly,2025-11-04T13:27:00,,9.99
66b560c9,3012,plus_monthly,2025-11-02T12:41:00,,9.99
f51b0ddc,3030,plus_monthly,2025-11-10T01:56:00,,9.99
954a2850,3035,pro_annual,2025-11-02T16:07:00,,6.99
29f2fda1,3040,plus_monthly,2025-11-15T19:24:00,,9.99
8229910e,3044,plus_monthly,2025-11-05T02:34:00,,9.99
55489e26,3047,plus_monthly,2025-11-04T04:38:00,,9.99
128c5fae,3065,plus_monthly,2025-11-18T06:41:00,,9.99
9607ec40,3078,plus_monthly,2025-11-06T06:49:00,,9.99
c22c1f06,3084,pro_annual,2025-11-03T00:12:00,,6.99
14404c12,3109,plus_monthly,2025-11-04T07:05:00,,9.99
04c12d4e,3111,plus_monthly,2025-11-04T06:22:00,,9.99
e89f5eb4,3113,plus_monthly,2025-11-05T05:18:00,,9.99
5a22444b,3121,plus_monthly,2025-11-08T13:21:00,,9.99
7aea0595,3122,plus_monthly,2025-11-07T18:57:00,,9.99
0c695a55,3131,plus_monthly,2025-11-18T18:00:00,,9.99
2e0825ad,3138,plus_monthly,2025-11-05T00:15:00,,9.99
5f7c7f11,3143,plus_monthly,2025-11-17T06:53:00,,9.99
e3ed39da,3162,plus_monthly,2025-11-20T15:27:00,,9.99
d27783f1,3166,pro_annual,2025-11-19T16:10:00,,6.99
c693f139,3173,plus_monthly,2025-11-10T20:41:00,,9.99
8f50100d,3175,plus_monthly,2025-11-08T07:16:00,,9.99
092ff483,3177,plus_monthly,2025-11-09T23:50:00,,9.99
5bda34af,3178,plus_monthly,2025-11-09T15:21:00,,9.99
759724cc,3191,pro_annual,2025-11-17T12:40:00,,6.99
d8e5b80f,3192,pro_annual,2025-11-14T13:40:00,,6.99
993e2422,3196,plus_monthly,2025-11-03T18:29:00,,9.99
5b1fff9a,3213,pro_annual,2025-11-17T15:08:00,,6.99
baea0062,3214,plus_monthly,2025-11-20T12:51:00,,9.99
47dc01ae,3240,plus_monthly,2025-11-11T13:32:00,,9.99
c9f64ed4,3243,plus_monthly,2025-11-15T03:50:00,,9.99
5f2fc263,3256,plus_monthly,2025-11-25T20:22:00,,9.99
41bf015c,3264,pro_annual,2025-11-24T07:51:00,,6.99
4589ff31,3280,pro_annual,2025-11-05T11:25:00,,6.99
65357ce4,3283,plus_monthly,2025-11-11T23:44:00,,9.99
ffa71139,3289,plus_monthly,2025-11-07T04:49:00,,9.99
dc87a4b3,3292,plus_monthly,2025-11-21T13:00:00,,9.99
8926e629,3302,pro_annual,2025-11-22T23:40:00,,6.99
8b8e21f3,3303,pro_annual,2025-11-11T11:33:00,,6.99
56528f22,3305,plus_monthly,2025-11-20T09:12:00,,9.99
6c23792b,3333,plus_monthly,2025-11-22T14:14:00,,9.99
fdd4dc50,3378,pro_annual,2025-11-10T00:32:00,,6.99
14afec6d,3398,plus_monthly,2025-11-26T06:21:00,,9.99
447d14f6,3405,plus_monthly,2025-11-14T04:43:00,,9.99
c7da70e9,3408,plus_monthly,2025-11-28T19:17:00,,9.99
4753f68a,3411,pro_annual,2025-11-29T04:09:00,,6.99
ea1e1047,3412,plus_monthly,2025-11-21T01:21:00,,9.99
83a32112,3427,plus_monthly,2025-11-20T07:15:00,,9.99
f8c7941b,3461,plus_monthly,2025-11-16T07:46:00,,9.99
01749ab5,3471,plus_monthly,2025-11-27T04:46:00,,9.99
78e3b72e,3473,plus_monthly,2025-11-26T09:02:00,,9.99
16a2553a,3486,pro_annual,2025-11-21T00:25:00,,6.99
436d9301,3500,plus_monthly,2025-11-27T08:58:00,,9.99
f3804221,3511,plus_monthly,2025-11-17T12:28:00,,9.99
d7e7601a,3525,plus_monthly,2025-11-14T14:28:00,,9.99
5512550c,3544,plus_monthly,2025-11-18T01:20:00,,9.99
db8c4024,3548,pro_annual,2025-11-23T02:56:00,,6.99
02543a3b,3550,plus_monthly,2025-11-16T07:50:00,,9.99
820abcad,3552,plus_monthly,2025-11-17T10:42:00,,9.99
8fcbb116,3577,pro_annual,2025-11-17T09:50:00,,6.99
4f17adf6,3594,plus_monthly,2025-11-17T02:43:00,,9.99
b8af1b4e,3603,pro_annual,2025-11-18T20:53:00,,6.99
73f1101c,3632,plus_monthly,2025-11-28T22:14:00,,9.99
5a0701f7,3646,pro_annual,2025-11-26T14:32:00,,6.99
32e7b6be,3650,pro_annual,2025-11-22T21:23:00,,6.99
bbb849a9,3712,plus_monthly,2025-11-28T16:09:00,,9.99
aba78fbd,3736,plus_monthly,2025-11-21T01:29:00,,9.99
72770c46,3749,pro_annual,2025-11-23T00:19:00,,6.99
dd86fcc2,3771,pro_annual,2025-11-29T15:26:00,,6.99
bb291703,3804,plus_monthly,2025-11-23T23:19:00,,9.99
051a27dc,3833,pro_annual,2025-11-29T23:21:00,,6.99
7a014333,3850,pro_annual,2025-11-25T11:40:00,,6.99
4d098f3b,3857,plus_monthly,2025-11-27T07:41:00,,9.99
a4cde40a,3871,pro_annual,2025-11-26T03:55:00,,6.99
d64ba06b,3894,pro_annual,2025-11-27T19:13:00,,6.99
0b826d08,3896,plus_monthly,2025-11-27T02:07:00,,9.99
